{
  "project_info": {
    "project_number": "975095967417",
    "firebase_url": "https://e-sathi-29f0d-default-rtdb.firebaseio.com",
    "project_id": "e-sathi-29f0d",
    "storage_bucket": "e-sathi-29f0d.appspot.com"
  },
  "client": [
    {
      "client_info": {
        "mobilesdk_app_id": "1:975095967417:android:143b3b3d21f0b0ead17568",
        "android_client_info": {
          "package_name": "com.e_sathi.admin"
        }
      },
      "oauth_client": [
        {
          "client_id": "975095967417-ljs5bk0nsr8461mu96kmjc3s7uc2bob2.apps.googleusercontent.com",
          "client_type": 1,
          "android_info": {
            "package_name": "com.e_sathi.admin",
            "certificate_hash": "c24b471011f4049bb6518680efb85fc63bf93a66"
          }
        },
        {
          "client_id": "975095967417-r86dofotjtljtdee40h4q8bhi7cubjsl.apps.googleusercontent.com",
          "client_type": 3
        }
      ],
      "api_key": [
        {
          "current_key": "AIzaSyDIEiQA1TD5qVJTGpNCiGI5weCuNziPAr4"
        }
      ],
      "services": {
        "appinvite_service": {
          "other_platform_oauth_client": [
            {
              "client_id": "975095967417-r86dofotjtljtdee40h4q8bhi7cubjsl.apps.googleusercontent.com",
              "client_type": 3
            }
          ]
        }
      }
    },
    {
      "client_info": {
        "mobilesdk_app_id": "1:975095967417:android:b4072c4a97a398b2d17568",
        "android_client_info": {
          "package_name": "com.e_sathi.driver"
        }
      },
      "oauth_client": [
        {
          "client_id": "975095967417-9r4hjs7qlb2q3iehu5tqeevr7hqitalm.apps.googleusercontent.com",
          "client_type": 1,
          "android_info": {
            "package_name": "com.e_sathi.driver",
            "certificate_hash": "3c4a1509d7573e7686733f9119599740da93da7e"
          }
        },
        {
          "client_id": "975095967417-gv4eocf7k50pvh99k0e4ef83gnptclva.apps.googleusercontent.com",
          "client_type": 1,
          "android_info": {
            "package_name": "com.e_sathi.driver",
            "certificate_hash": "889ff2b6c139ac0f127b25fa77c7bbf57a4edb31"
          }
        },
        {
          "client_id": "975095967417-i3hn9hc09sn2c5id7ta18vivn4hgloef.apps.googleusercontent.com",
          "client_type": 1,
          "android_info": {
            "package_name": "com.e_sathi.driver",
            "certificate_hash": "d5ff3e8d5a861d53d6fb9b14a1121dce2cdaf10b"
          }
        },
        {
          "client_id": "975095967417-pqeklbi325cuvrv4rv0b75bem015010n.apps.googleusercontent.com",
          "client_type": 1,
          "android_info": {
            "package_name": "com.e_sathi.driver",
            "certificate_hash": "c24b471011f4049bb6518680efb85fc63bf93a66"
          }
        },
        {
          "client_id": "975095967417-rd4jt6272vhefsdg4ijam0robuv3mbgm.apps.googleusercontent.com",
          "client_type": 1,
          "android_info": {
            "package_name": "com.e_sathi.driver",
            "certificate_hash": "b822403adb923b32c02089f64a0570750dee5197"
          }
        },
        {
          "client_id": "975095967417-r86dofotjtljtdee40h4q8bhi7cubjsl.apps.googleusercontent.com",
          "client_type": 3
        }
      ],
      "api_key": [
        {
          "current_key": "AIzaSyDIEiQA1TD5qVJTGpNCiGI5weCuNziPAr4"
        }
      ],
      "services": {
        "appinvite_service": {
          "other_platform_oauth_client": [
            {
              "client_id": "975095967417-r86dofotjtljtdee40h4q8bhi7cubjsl.apps.googleusercontent.com",
              "client_type": 3
            }
          ]
        }
      }
    },
    {
      "client_info": {
        "mobilesdk_app_id": "1:975095967417:android:3820cabd12ab93bbd17568",
        "android_client_info": {
          "package_name": "com.e_sathiuser"
        }
      },
      "oauth_client": [
        {
          "client_id": "975095967417-j6759ia749nrtifmn20fhugp4rj3s46s.apps.googleusercontent.com",
          "client_type": 1,
          "android_info": {
            "package_name": "com.e_sathiuser",
            "certificate_hash": "889ff2b6c139ac0f127b25fa77c7bbf57a4edb31"
          }
        },
        {
          "client_id": "975095967417-ljavmdoedo20h2qn2knbvoifrracg6la.apps.googleusercontent.com",
          "client_type": 1,
          "android_info": {
            "package_name": "com.e_sathiuser",
            "certificate_hash": "3c4a1509d7573e7686733f9119599740da93da7e"
          }
        },
        {
          "client_id": "975095967417-r86dofotjtljtdee40h4q8bhi7cubjsl.apps.googleusercontent.com",
          "client_type": 3
        }
      ],
      "api_key": [
        {
          "current_key": "AIzaSyDIEiQA1TD5qVJTGpNCiGI5weCuNziPAr4"
        }
      ],
      "services": {
        "appinvite_service": {
          "other_platform_oauth_client": [
            {
              "client_id": "975095967417-r86dofotjtljtdee40h4q8bhi7cubjsl.apps.googleusercontent.com",
              "client_type": 3
            }
          ]
        }
      }
    },
    {
      "client_info": {
        "mobilesdk_app_id": "1:975095967417:android:9c565964f91913c7d17568",
        "android_client_info": {
          "package_name": "com.hits.d2d_auto"
        }
      },
      "oauth_client": [
        {
          "client_id": "975095967417-1aamn9l8ealfmvepamq7al3a7vmekd8i.apps.googleusercontent.com",
          "client_type": 1,
          "android_info": {
            "package_name": "com.hits.d2d_auto",
            "certificate_hash": "3c4a1509d7573e7686733f9119599740da93da7e"
          }
        },
        {
          "client_id": "975095967417-r86dofotjtljtdee40h4q8bhi7cubjsl.apps.googleusercontent.com",
          "client_type": 3
        }
      ],
      "api_key": [
        {
          "current_key": "AIzaSyDIEiQA1TD5qVJTGpNCiGI5weCuNziPAr4"
        }
      ],
      "services": {
        "appinvite_service": {
          "other_platform_oauth_client": [
            {
              "client_id": "975095967417-r86dofotjtljtdee40h4q8bhi7cubjsl.apps.googleusercontent.com",
              "client_type": 3
            }
          ]
        }
      }
    },
    {
      "client_info": {
        "mobilesdk_app_id": "1:975095967417:android:409953f11596954ed17568",
        "android_client_info": {
          "package_name": "com.hits.d2ddriver"
        }
      },
      "oauth_client": [
        {
          "client_id": "975095967417-lrmujq7c9tqjt2ucfg185hephp5tue3h.apps.googleusercontent.com",
          "client_type": 1,
          "android_info": {
            "package_name": "com.hits.d2ddriver",
            "certificate_hash": "3c4a1509d7573e7686733f9119599740da93da7e"
          }
        },
        {
          "client_id": "975095967417-r86dofotjtljtdee40h4q8bhi7cubjsl.apps.googleusercontent.com",
          "client_type": 3
        }
      ],
      "api_key": [
        {
          "current_key": "AIzaSyDIEiQA1TD5qVJTGpNCiGI5weCuNziPAr4"
        }
      ],
      "services": {
        "appinvite_service": {
          "other_platform_oauth_client": [
            {
              "client_id": "975095967417-r86dofotjtljtdee40h4q8bhi7cubjsl.apps.googleusercontent.com",
              "client_type": 3
            }
          ]
        }
      }
    }
  ],
  "configuration_version": "1"
}